timestamp,nfSetId,nfCpuUsage
2025-05-14T12:20:02Z,cgroup_machine_qemu_10_instance_000026ad_libvirt_qemu.cpu_per_core,80
2025-05-14T12:20:02Z,cgroup_machine_qemu_10_instance_000026ad_libvirt_qemu.cpu_per_core,116
2025-05-14T12:20:02Z,cgroup_machine_qemu_10_instance_000026ad_libvirt_qemu.cpu_per_core,27
2025-05-14T12:20:02Z,cgroup_machine_qemu_10_instance_000026ad_libvirt_qemu.cpu_per_core,36
2025-05-14T12:20:02Z,cgroup_machine_qemu_10_instance_000026ad_libvirt_qemu.cpu_per_core,3
2025-05-14T12:20:02Z,cgroup_machine_qemu_10_instance_000026ad_libvirt_qemu.cpu_per_core,4
2025-05-14T12:20:02Z,cgroup_machine_qemu_10_instance_000026ad_libvirt_qemu.cpu_per_core,38
2025-05-14T12:20:02Z,cgroup_machine_qemu_10_instance_000026ad_libvirt_qemu.cpu_per_core,3
2025-05-14T12:20:02Z,cgroup_machine_qemu_10_instance_000026ad_libvirt_qemu.cpu_per_core,64
2025-05-14T12:20:02Z,cgroup_machine_qemu_10_instance_000026ad_libvirt_qemu.cpu_per_core,28
2025-05-14T12:20:02Z,cgroup_machine_qemu_10_instance_000026ad_libvirt_qemu.cpu_per_core,1
2025-05-14T12:20:02Z,cgroup_machine_qemu_10_instance_000026ad_libvirt_qemu.cpu_per_core,1
2025-05-14T12:20:02Z,cgroup_machine_qemu_10_instance_000026ad_libvirt_qemu.cpu_per_core,9
2025-05-14T12:20:02Z,cgroup_machine_qemu_10_instance_000026ad_libvirt_qemu.cpu_per_core,122
2025-05-14T12:20:02Z,cgroup_machine_qemu_10_instance_000026ad_libvirt_qemu.cpu_per_core,5
2025-05-14T12:20:02Z,cgroup_machine_qemu_10_instance_000026ad_libvirt_qemu.cpu_per_core,2
2025-05-14T12:20:02Z,cgroup_machine_qemu_10_instance_000026ad_libvirt_qemu.cpu_per_core,1
2025-05-14T12:20:02Z,cgroup_machine_qemu_10_instance_000026ad_libvirt_qemu.cpu_per_core,52
2025-05-14T12:20:02Z,cgroup_machine_qemu_10_instance_000026ad_libvirt_qemu.cpu_per_core,9
2025-05-14T12:20:02Z,cgroup_machine_qemu_10_instance_000026ad_libvirt_qemu.cpu_per_core,158
2025-05-14T12:20:02Z,cgroup_machine_qemu_10_instance_000026ad_libvirt_qemu.cpu_per_core,26
2025-05-14T12:20:02Z,cgroup_machine_qemu_10_instance_000026ad_libvirt_qemu.cpu_per_core,40
2025-05-14T12:20:02Z,cgroup_machine_qemu_10_instance_000026ad_libvirt_qemu.cpu_per_core,48
2025-05-14T12:20:02Z,cgroup_machine_qemu_10_instance_000026ad_libvirt_qemu.cpu_per_core,6
2025-05-14T12:20:02Z,cgroup_machine_qemu_10_instance_000026ad_libvirt_qemu.cpu_per_core,38
2025-05-14T12:20:02Z,cgroup_machine_qemu_10_instance_000026ad_libvirt_qemu.cpu_per_core,120
2025-05-14T12:20:02Z,cgroup_machine_qemu_10_instance_000026ad_libvirt_qemu.cpu_per_core,38
2025-05-14T12:20:02Z,cgroup_machine_qemu_10_instance_000026ad_libvirt_qemu.cpu_per_core,2
2025-05-14T12:20:02Z,cgroup_machine_qemu_10_instance_000026ad_libvirt_qemu.cpu_per_core,54
2025-05-14T12:20:02Z,cgroup_machine_qemu_10_instance_000026ad_libvirt_qemu.cpu_per_core,54
2025-05-14T12:20:02Z,cgroup_machine_qemu_10_instance_000026ad_libvirt_qemu.cpu_per_core,2
2025-05-14T12:20:02Z,cgroup_machine_qemu_10_instance_000026ad_libvirt_qemu.cpu_per_core,1
2025-05-14T12:20:02Z,cgroup_machine_qemu_10_instance_000026ad_libvirt_qemu.cpu_per_core,13
2025-05-14T12:20:02Z,cgroup_machine_qemu_10_instance_000026ad_libvirt_qemu.cpu_per_core,86
2025-05-14T12:20:02Z,cgroup_machine_qemu_10_instance_000026ad_libvirt_qemu.cpu_per_core,78
2025-05-14T12:20:02Z,cgroup_machine_qemu_10_instance_000026ad_libvirt_qemu.cpu_per_core,12
2025-05-14T12:20:02Z,cgroup_machine_qemu_2_instance_0000356e_libvirt_qemu.cpu_per_core,3
2025-05-14T12:20:02Z,cgroup_machine_qemu_2_instance_0000356e_libvirt_qemu.cpu_per_core,8
2025-05-14T12:20:02Z,cgroup_machine_qemu_2_instance_0000356e_libvirt_qemu.cpu_per_core,5
2025-05-14T12:20:02Z,cgroup_machine_qemu_2_instance_0000356e_libvirt_qemu.cpu_per_core,5
2025-05-14T12:20:02Z,cgroup_machine_qemu_2_instance_0000356e_libvirt_qemu.cpu_per_core,2
2025-05-14T12:20:02Z,cgroup_machine_qemu_2_instance_0000356e_libvirt_qemu.cpu_per_core,16
2025-05-14T12:20:02Z,cgroup_machine_qemu_2_instance_0000356e_libvirt_qemu.cpu_per_core,13
2025-05-14T12:20:02Z,cgroup_machine_qemu_2_instance_0000356e_libvirt_qemu.cpu_per_core,1
2025-05-14T12:20:02Z,cgroup_machine_qemu_2_instance_0000356e_libvirt_qemu.cpu_per_core,8
2025-05-14T12:20:02Z,cgroup_machine_qemu_2_instance_0000356e_libvirt_qemu.cpu_per_core,2
2025-05-14T12:20:02Z,cgroup_machine_qemu_2_instance_0000356e_libvirt_qemu.cpu_per_core,1
2025-05-14T12:20:02Z,cgroup_machine_qemu_2_instance_0000356e_libvirt_qemu.cpu_per_core,3
2025-05-14T12:20:02Z,cgroup_machine_qemu_2_instance_0000356e_libvirt_qemu.cpu_per_core,1
2025-05-14T12:20:02Z,cgroup_machine_qemu_2_instance_0000356e_libvirt_qemu.cpu_per_core,1
2025-05-14T12:20:02Z,cgroup_machine_qemu_2_instance_0000356e_libvirt_qemu.cpu_per_core,1
2025-05-14T12:20:02Z,cgroup_machine_qemu_2_instance_0000356e_libvirt_qemu.cpu_per_core,39
2025-05-14T12:20:02Z,cgroup_machine_qemu_2_instance_0000356e_libvirt_qemu.cpu_per_core,8
2025-05-14T12:20:02Z,cgroup_machine_qemu_2_instance_0000356e_libvirt_qemu.cpu_per_core,2
2025-05-14T12:20:02Z,cgroup_machine_qemu_2_instance_0000356e_libvirt_qemu.cpu_per_core,29
2025-05-14T12:20:02Z,cgroup_machine_qemu_2_instance_0000356e_libvirt_qemu.cpu_per_core,12
2025-05-14T12:20:02Z,cgroup_machine_qemu_2_instance_0000356e_libvirt_qemu.cpu_per_core,22
2025-05-14T12:20:02Z,cgroup_machine_qemu_3_instance_00003572_libvirt_qemu.cpu_per_core,17
2025-05-14T12:20:02Z,cgroup_machine_qemu_3_instance_00003572_libvirt_qemu.cpu_per_core,1
2025-05-14T12:20:02Z,cgroup_machine_qemu_3_instance_00003572_libvirt_qemu.cpu_per_core,3
2025-05-14T12:20:02Z,cgroup_machine_qemu_3_instance_00003572_libvirt_qemu.cpu_per_core,12
2025-05-14T12:20:02Z,cgroup_machine_qemu_6_instance_000035c0_libvirt_qemu.cpu_per_core,34
2025-05-14T12:20:02Z,cgroup_machine_qemu_6_instance_000035c0_libvirt_qemu.cpu_per_core,57
2025-05-14T12:20:02Z,cgroup_machine_qemu_6_instance_000035c0_libvirt_qemu.cpu_per_core,83
2025-05-14T12:20:02Z,cgroup_machine_qemu_6_instance_000035c0_libvirt_qemu.cpu_per_core,44
2025-05-14T12:20:02Z,cgroup_machine_qemu_6_instance_000035c0_libvirt_qemu.cpu_per_core,18
2025-05-14T12:20:02Z,cgroup_machine_qemu_6_instance_000035c0_libvirt_qemu.cpu_per_core,33
2025-05-14T12:20:02Z,cgroup_machine_qemu_6_instance_000035c0_libvirt_qemu.cpu_per_core,79
2025-05-14T12:20:02Z,cgroup_machine_qemu_6_instance_000035c0_libvirt_qemu.cpu_per_core,86
2025-05-14T12:20:02Z,cgroup_machine_qemu_6_instance_000035c0_libvirt_qemu.cpu_per_core,34
2025-05-14T12:20:02Z,cgroup_machine_qemu_6_instance_000035c0_libvirt_qemu.cpu_per_core,111
2025-05-14T12:20:02Z,cgroup_machine_qemu_6_instance_000035c0_libvirt_qemu.cpu_per_core,61
2025-05-14T12:20:02Z,cgroup_machine_qemu_6_instance_000035c0_libvirt_qemu.cpu_per_core,4
2025-05-14T12:20:02Z,cgroup_machine_qemu_6_instance_000035c0_libvirt_qemu.cpu_per_core,32
2025-05-14T12:20:02Z,cgroup_machine_qemu_6_instance_000035c0_libvirt_qemu.cpu_per_core,22
2025-05-14T12:20:02Z,cgroup_machine_qemu_6_instance_000035c0_libvirt_qemu.cpu_per_core,8
2025-05-14T12:20:02Z,cgroup_machine_qemu_6_instance_000035c0_libvirt_qemu.cpu_per_core,65
2025-05-14T12:20:02Z,cgroup_machine_qemu_6_instance_000035c0_libvirt_qemu.cpu_per_core,87
2025-05-14T12:20:02Z,cgroup_machine_qemu_6_instance_000035c0_libvirt_qemu.cpu_per_core,4
2025-05-14T12:20:02Z,cgroup_machine_qemu_6_instance_000035c0_libvirt_qemu.cpu_per_core,146
2025-05-14T12:20:02Z,cgroup_machine_qemu_6_instance_000035c0_libvirt_qemu.cpu_per_core,3
2025-05-14T12:20:02Z,cgroup_machine_qemu_6_instance_000035c0_libvirt_qemu.cpu_per_core,46
2025-05-14T12:20:02Z,cgroup_machine_qemu_6_instance_000035c0_libvirt_qemu.cpu_per_core,19
2025-05-14T12:20:02Z,cgroup_machine_qemu_6_instance_000035c0_libvirt_qemu.cpu_per_core,1
2025-05-14T12:20:02Z,cgroup_machine_qemu_6_instance_000035c0_libvirt_qemu.cpu_per_core,38
2025-05-14T12:20:02Z,cgroup_machine_qemu_6_instance_000035c0_libvirt_qemu.cpu_per_core,12
2025-05-14T12:20:02Z,cgroup_machine_qemu_6_instance_000035c0_libvirt_qemu.cpu_per_core,10
2025-05-14T12:20:02Z,cgroup_machine_qemu_6_instance_000035c0_libvirt_qemu.cpu_per_core,8
2025-05-14T12:20:02Z,cgroup_machine_qemu_8_instance_000037b2_libvirt_qemu.cpu_per_core,408
2025-05-14T12:20:02Z,cgroup_machine_qemu_8_instance_000037b2_libvirt_qemu.cpu_per_core,364
2025-05-14T12:20:02Z,cgroup_machine_qemu_8_instance_000037b2_libvirt_qemu.cpu_per_core,48
2025-05-14T12:20:02Z,cgroup_machine_qemu_8_instance_000037b2_libvirt_qemu.cpu_per_core,18
2025-05-14T12:20:02Z,cgroup_machine_qemu_8_instance_000037b2_libvirt_qemu.cpu_per_core,11
2025-05-14T12:20:02Z,cgroup_machine_qemu_8_instance_000037b2_libvirt_qemu.cpu_per_core,21
2025-05-14T12:20:02Z,cgroup_machine_qemu_8_instance_000037b2_libvirt_qemu.cpu_per_core,287
2025-05-14T12:20:02Z,cgroup_machine_qemu_8_instance_000037b2_libvirt_qemu.cpu_per_core,1
2025-05-14T12:20:02Z,cgroup_machine_qemu_8_instance_000037b2_libvirt_qemu.cpu_per_core,38
2025-05-14T12:20:02Z,cgroup_machine_qemu_8_instance_000037b2_libvirt_qemu.cpu_per_core,37
2025-05-14T12:20:02Z,cgroup_machine_qemu_8_instance_000037b2_libvirt_qemu.cpu_per_core,115
2025-05-14T12:20:02Z,cgroup_machine_qemu_8_instance_000037b2_libvirt_qemu.cpu_per_core,185
2025-05-14T12:20:02Z,cgroup_machine_qemu_8_instance_000037b2_libvirt_qemu.cpu_per_core,77
2025-05-14T12:20:02Z,cgroup_machine_qemu_8_instance_000037b2_libvirt_qemu.cpu_per_core,22
2025-05-14T12:20:02Z,cgroup_machine_qemu_8_instance_000037b2_libvirt_qemu.cpu_per_core,8
2025-05-14T12:20:02Z,cgroup_machine_qemu_8_instance_000037b2_libvirt_qemu.cpu_per_core,4
2025-05-14T12:20:02Z,cgroup_machine_qemu_8_instance_000037b2_libvirt_qemu.cpu_per_core,28
2025-05-14T12:20:02Z,cgroup_machine_qemu_8_instance_000037b2_libvirt_qemu.cpu_per_core,25
2025-05-14T12:20:02Z,cgroup_machine_qemu_8_instance_000037b2_libvirt_qemu.cpu_per_core,382
2025-05-14T12:20:02Z,cgroup_machine_qemu_8_instance_000037b2_libvirt_qemu.cpu_per_core,1
2025-05-14T12:20:02Z,cgroup_machine_qemu_8_instance_000037b2_libvirt_qemu.cpu_per_core,42
2025-05-14T12:20:02Z,cgroup_machine_qemu_8_instance_000037b2_libvirt_qemu.cpu_per_core,49
2025-05-14T12:20:02Z,cgroup_machine_qemu_8_instance_000037b2_libvirt_qemu.cpu_per_core,1
2025-05-14T12:20:02Z,cgroup_machine_qemu_8_instance_000037b2_libvirt_qemu.cpu_per_core,33
2025-05-14T12:20:02Z,cgroup_machine_qemu_8_instance_000037b2_libvirt_qemu.cpu_per_core,1
2025-05-14T12:20:02Z,cgroup_machine_qemu_8_instance_000037b2_libvirt_qemu.cpu_per_core,51
2025-05-14T12:20:02Z,cgroup_machine_qemu_8_instance_000037b2_libvirt_qemu.cpu_per_core,3
2025-05-14T12:20:02Z,cgroup_machine_qemu_9_instance_00002756_libvirt_qemu.cpu_per_core,4
2025-05-14T12:20:02Z,cgroup_machine_qemu_9_instance_00002756_libvirt_qemu.cpu_per_core,2
2025-05-14T12:20:02Z,cgroup_machine_qemu_9_instance_00002756_libvirt_qemu.cpu_per_core,549
2025-05-14T12:20:02Z,cgroup_machine_qemu_9_instance_00002756_libvirt_qemu.cpu_per_core,321
2025-05-14T12:20:02Z,cgroup_machine_qemu_9_instance_00002756_libvirt_qemu.cpu_per_core,48
2025-05-14T12:20:02Z,cgroup_machine_qemu_9_instance_00002756_libvirt_qemu.cpu_per_core,22
2025-05-14T12:20:02Z,cgroup_machine_qemu_9_instance_00002756_libvirt_qemu.cpu_per_core,62
2025-05-14T12:20:02Z,cgroup_machine_qemu_9_instance_00002756_libvirt_qemu.cpu_per_core,104
2025-05-14T12:20:02Z,cgroup_machine_qemu_9_instance_00002756_libvirt_qemu.cpu_per_core,84
2025-05-14T12:20:02Z,cgroup_machine_qemu_9_instance_00002756_libvirt_qemu.cpu_per_core,6
2025-05-14T12:20:02Z,cgroup_machine_qemu_9_instance_00002756_libvirt_qemu.cpu_per_core,64
2025-05-14T12:20:02Z,cgroup_machine_qemu_9_instance_00002756_libvirt_qemu.cpu_per_core,1
2025-05-14T12:20:02Z,cgroup_machine_qemu_9_instance_00002756_libvirt_qemu.cpu_per_core,79
2025-05-14T12:20:02Z,cgroup_machine_qemu_9_instance_00002756_libvirt_qemu.cpu_per_core,6
2025-05-14T12:20:02Z,cgroup_machine_qemu_9_instance_00002756_libvirt_qemu.cpu_per_core,5
2025-05-14T12:20:02Z,cgroup_machine_qemu_9_instance_00002756_libvirt_qemu.cpu_per_core,4
2025-05-14T12:20:02Z,cgroup_machine_qemu_9_instance_00002756_libvirt_qemu.cpu_per_core,36
2025-05-14T12:20:02Z,cgroup_machine_qemu_9_instance_00002756_libvirt_qemu.cpu_per_core,110
2025-05-14T12:20:02Z,cgroup_machine_qemu_9_instance_00002756_libvirt_qemu.cpu_per_core,14
2025-05-14T12:20:02Z,cgroup_machine_qemu_9_instance_00002756_libvirt_qemu.cpu_per_core,2
2025-05-14T12:20:02Z,cgroup_machine_qemu_9_instance_00002756_libvirt_qemu.cpu_per_core,74
2025-05-14T12:20:02Z,cgroup_machine_qemu_9_instance_00002756_libvirt_qemu.cpu_per_core,72
2025-05-14T12:20:02Z,cgroup_machine_qemu_9_instance_00002756_libvirt_qemu.cpu_per_core,62
2025-05-14T12:20:02Z,cgroup_machine_qemu_9_instance_00002756_libvirt_qemu.cpu_per_core,48
2025-05-14T12:20:02Z,cgroup_machine_qemu_9_instance_00002756_libvirt_qemu.cpu_per_core,27
2025-05-14T12:20:02Z,cgroup_machine_qemu_9_instance_00002756_libvirt_qemu.cpu_per_core,5
2025-05-14T12:20:02Z,cgroup_machine_qemu_9_instance_00002756_libvirt_qemu.cpu_per_core,12
2025-05-14T12:20:02Z,cgroup_machine_qemu_9_instance_00002756_libvirt_qemu.cpu_per_core,4
2025-05-14T12:20:02Z,cgroup_machine_qemu_9_instance_00002756_libvirt_qemu.cpu_per_core,45
2025-05-14T12:20:02Z,cgroup_machine_qemu_9_instance_00002756_libvirt_qemu.cpu_per_core,134
2025-05-14T12:20:02Z,cgroup_machine_qemu_9_instance_00002756_libvirt_qemu.cpu_per_core,39
2025-05-14T12:20:02Z,cgroup_qemu_qemu_10_instance_00003c02.cpu_per_core,4
2025-05-14T12:20:02Z,cgroup_qemu_qemu_10_instance_00003c02.cpu_per_core,1
2025-05-14T12:20:02Z,cgroup_qemu_qemu_11_instance_000040a8.cpu_per_core,4
2025-05-14T12:20:02Z,cgroup_qemu_qemu_11_instance_000040a8.cpu_per_core,1
2025-05-14T12:20:02Z,cgroup_qemu_qemu_14_instance_00003ac5.cpu_per_core,2
2025-05-14T12:20:02Z,cgroup_qemu_qemu_14_instance_00003ac5.cpu_per_core,3
2025-05-14T12:20:02Z,cgroup_qemu_qemu_14_instance_00003ac5.cpu_per_core,1
2025-05-14T12:20:02Z,cgroup_qemu_qemu_14_instance_00003ac5.cpu_per_core,1
2025-05-14T12:20:02Z,cgroup_qemu_qemu_14_instance_00003ac5.cpu_per_core,1
2025-05-14T12:20:02Z,cgroup_qemu_qemu_14_instance_00003ac5.cpu_per_core,1
2025-05-14T12:20:02Z,cgroup_qemu_qemu_14_instance_00003ac5.cpu_per_core,1
2025-05-14T12:20:02Z,cgroup_qemu_qemu_14_instance_00003ac5.cpu_per_core,2
2025-05-14T12:20:02Z,cgroup_qemu_qemu_14_instance_00003ac5.cpu_per_core,3
2025-05-14T12:20:02Z,cgroup_qemu_qemu_14_instance_00003ac5.cpu_per_core,3
2025-05-14T12:20:02Z,cgroup_qemu_qemu_14_instance_00003ac5.cpu_per_core,1
2025-05-14T12:20:02Z,cgroup_qemu_qemu_14_instance_00003ac5.cpu_per_core,1
2025-05-14T12:20:02Z,cgroup_qemu_qemu_14_instance_00003ac5.cpu_per_core,1
2025-05-14T12:20:02Z,cgroup_qemu_qemu_15_instance_000034b1.cpu_per_core,3
2025-05-14T12:20:02Z,cgroup_qemu_qemu_15_instance_000034b1.cpu_per_core,1
2025-05-14T12:20:02Z,cgroup_qemu_qemu_15_instance_000034b1.cpu_per_core,1
2025-05-14T12:20:02Z,cgroup_qemu_qemu_16_instance_00003ac6.cpu_per_core,2
2025-05-14T12:20:02Z,cgroup_qemu_qemu_16_instance_00003ac6.cpu_per_core,2
2025-05-14T12:20:02Z,cgroup_qemu_qemu_16_instance_00003ac6.cpu_per_core,2
2025-05-14T12:20:02Z,cgroup_qemu_qemu_16_instance_00003ac6.cpu_per_core,1
2025-05-14T12:20:02Z,cgroup_qemu_qemu_16_instance_00003ac6.cpu_per_core,3
2025-05-14T12:20:02Z,cgroup_qemu_qemu_16_instance_00003ac6.cpu_per_core,2
2025-05-14T12:20:02Z,cgroup_qemu_qemu_16_instance_00003ac6.cpu_per_core,2
2025-05-14T12:20:02Z,cgroup_qemu_qemu_16_instance_00003ac6.cpu_per_core,1
2025-05-14T12:20:02Z,cgroup_qemu_qemu_16_instance_00003ac6.cpu_per_core,1
2025-05-14T12:20:02Z,cgroup_qemu_qemu_16_instance_00003ac6.cpu_per_core,1
2025-05-14T12:20:02Z,cgroup_qemu_qemu_16_instance_00003ac6.cpu_per_core,1
2025-05-14T12:20:02Z,cgroup_qemu_qemu_16_instance_00003ac6.cpu_per_core,2
2025-05-14T12:20:02Z,cgroup_qemu_qemu_16_instance_00003ac6.cpu_per_core,2
2025-05-14T12:20:02Z,cgroup_qemu_qemu_16_instance_00003ac6.cpu_per_core,1
2025-05-14T12:20:02Z,cgroup_qemu_qemu_17_instance_00003bfc.cpu_per_core,1
2025-05-14T12:20:02Z,cgroup_qemu_qemu_17_instance_00003bfc.cpu_per_core,1
2025-05-14T12:20:02Z,cgroup_qemu_qemu_18_instance_000040a5.cpu_per_core,2
2025-05-14T12:20:02Z,cgroup_qemu_qemu_18_instance_000040a5.cpu_per_core,2
2025-05-14T12:20:02Z,cgroup_qemu_qemu_18_instance_000040a5.cpu_per_core,2
2025-05-14T12:20:02Z,cgroup_qemu_qemu_18_instance_000040a5.cpu_per_core,1
2025-05-14T12:20:02Z,cgroup_qemu_qemu_18_instance_000040a5.cpu_per_core,1
2025-05-14T12:20:02Z,cgroup_qemu_qemu_19_instance_000040a6.cpu_per_core,1
2025-05-14T12:20:02Z,cgroup_qemu_qemu_19_instance_000040a6.cpu_per_core,1
2025-05-14T12:20:02Z,cgroup_qemu_qemu_19_instance_000040a6.cpu_per_core,1
2025-05-14T12:20:02Z,cgroup_qemu_qemu_19_instance_000040a6.cpu_per_core,1
2025-05-14T12:20:02Z,cgroup_qemu_qemu_19_instance_000040a6.cpu_per_core,3
2025-05-14T12:20:02Z,cgroup_qemu_qemu_19_instance_000040a6.cpu_per_core,2
2025-05-14T12:20:02Z,cgroup_qemu_qemu_19_instance_000040a6.cpu_per_core,1
2025-05-14T12:20:02Z,cgroup_qemu_qemu_19_instance_000040a6.cpu_per_core,1
2025-05-14T12:20:02Z,cgroup_qemu_qemu_1_instance_000005db.cpu_per_core,8
2025-05-14T12:20:02Z,cgroup_qemu_qemu_1_instance_000005db.cpu_per_core,2
2025-05-14T12:20:02Z,cgroup_qemu_qemu_1_instance_000005db.cpu_per_core,1
2025-05-14T12:20:02Z,cgroup_qemu_qemu_1_instance_000005db.cpu_per_core,4
2025-05-14T12:20:02Z,cgroup_qemu_qemu_1_instance_000005db.cpu_per_core,1
2025-05-14T12:20:02Z,cgroup_qemu_qemu_1_instance_000005db.cpu_per_core,1
2025-05-14T12:20:02Z,cgroup_qemu_qemu_1_instance_000005db.cpu_per_core,4
2025-05-14T12:20:02Z,cgroup_qemu_qemu_1_instance_000005db.cpu_per_core,4
2025-05-14T12:20:02Z,cgroup_qemu_qemu_1_instance_000005db.cpu_per_core,6
2025-05-14T12:20:02Z,cgroup_qemu_qemu_1_instance_000005db.cpu_per_core,2
2025-05-14T12:20:02Z,cgroup_qemu_qemu_1_instance_000005db.cpu_per_core,18
2025-05-14T12:20:02Z,cgroup_qemu_qemu_1_instance_000005db.cpu_per_core,8
2025-05-14T12:20:02Z,cgroup_qemu_qemu_1_instance_000005db.cpu_per_core,5
2025-05-14T12:20:02Z,cgroup_qemu_qemu_1_instance_000005db.cpu_per_core,17
2025-05-14T12:20:02Z,cgroup_qemu_qemu_1_instance_000005db.cpu_per_core,2
2025-05-14T12:20:02Z,cgroup_qemu_qemu_1_instance_000005db.cpu_per_core,6
2025-05-14T12:20:02Z,cgroup_qemu_qemu_1_instance_000005db.cpu_per_core,14
2025-05-14T12:20:02Z,cgroup_qemu_qemu_1_instance_000005db.cpu_per_core,1
2025-05-14T12:20:02Z,cgroup_qemu_qemu_1_instance_000005db.cpu_per_core,10
2025-05-14T12:20:02Z,cgroup_qemu_qemu_1_instance_000005db.cpu_per_core,1
2025-05-14T12:20:02Z,cgroup_qemu_qemu_1_instance_000005db.cpu_per_core,4
2025-05-14T12:20:02Z,cgroup_qemu_qemu_1_instance_000005db.cpu_per_core,3
2025-05-14T12:20:02Z,cgroup_qemu_qemu_1_instance_000005db.cpu_per_core,4
2025-05-14T12:20:02Z,cgroup_qemu_qemu_1_instance_000005db.cpu_per_core,1
2025-05-14T12:20:02Z,cgroup_qemu_qemu_1_instance_000005db.cpu_per_core,2
2025-05-14T12:20:02Z,cgroup_qemu_qemu_1_instance_000005db.cpu_per_core,3
2025-05-14T12:20:02Z,cgroup_qemu_qemu_1_instance_000005db.cpu_per_core,2
2025-05-14T12:20:02Z,cgroup_qemu_qemu_1_instance_000005db.cpu_per_core,7
2025-05-14T12:20:02Z,cgroup_qemu_qemu_1_instance_000005db.cpu_per_core,3
2025-05-14T12:20:02Z,cgroup_qemu_qemu_1_instance_000005db.cpu_per_core,3
2025-05-14T12:20:02Z,cgroup_qemu_qemu_1_instance_000005db.cpu_per_core,5
2025-05-14T12:20:02Z,cgroup_qemu_qemu_1_instance_000005db.cpu_per_core,1
2025-05-14T12:20:02Z,cgroup_qemu_qemu_1_instance_000005db.cpu_per_core,1
2025-05-14T12:20:02Z,cgroup_qemu_qemu_1_instance_000005db.cpu_per_core,2
2025-05-14T12:20:02Z,cgroup_qemu_qemu_1_instance_000005db.cpu_per_core,9
2025-05-14T12:20:02Z,cgroup_qemu_qemu_1_instance_000005db.cpu_per_core,6
2025-05-14T12:20:02Z,cgroup_qemu_qemu_1_instance_000005db.cpu_per_core,1
2025-05-14T12:20:02Z,cgroup_qemu_qemu_1_instance_000005db.cpu_per_core,2
2025-05-14T12:20:02Z,cgroup_qemu_qemu_1_instance_000005db.cpu_per_core,1
2025-05-14T12:20:02Z,cgroup_qemu_qemu_1_instance_000005db.cpu_per_core,1
2025-05-14T12:20:02Z,cgroup_qemu_qemu_1_instance_000005db.cpu_per_core,6
2025-05-14T12:20:02Z,cgroup_qemu_qemu_1_instance_000005db.cpu_per_core,6
2025-05-14T12:20:02Z,cgroup_qemu_qemu_1_instance_000005db.cpu_per_core,6
2025-05-14T12:20:02Z,cgroup_qemu_qemu_1_instance_000005db.cpu_per_core,3
2025-05-14T12:20:02Z,cgroup_qemu_qemu_1_instance_000005db.cpu_per_core,1
2025-05-14T12:20:02Z,cgroup_qemu_qemu_1_instance_000005db.cpu_per_core,3
2025-05-14T12:20:02Z,cgroup_qemu_qemu_1_instance_000005db.cpu_per_core,13
2025-05-14T12:20:02Z,cgroup_qemu_qemu_1_instance_000005db.cpu_per_core,5
2025-05-14T12:20:02Z,cgroup_qemu_qemu_1_instance_000005db.cpu_per_core,2
2025-05-14T12:20:02Z,cgroup_qemu_qemu_1_instance_000005db.cpu_per_core,10
2025-05-14T12:20:02Z,cgroup_qemu_qemu_1_instance_000005db.cpu_per_core,2
2025-05-14T12:20:02Z,cgroup_qemu_qemu_1_instance_000005db.cpu_per_core,3
2025-05-14T12:20:02Z,cgroup_qemu_qemu_1_instance_000005db.cpu_per_core,3
2025-05-14T12:20:02Z,cgroup_qemu_qemu_1_instance_00001090.cpu_per_core,3
2025-05-14T12:20:02Z,cgroup_qemu_qemu_1_instance_00001090.cpu_per_core,5
2025-05-14T12:20:02Z,cgroup_qemu_qemu_1_instance_00001090.cpu_per_core,1
2025-05-14T12:20:02Z,cgroup_qemu_qemu_1_instance_00001090.cpu_per_core,2
2025-05-14T12:20:02Z,cgroup_qemu_qemu_1_instance_00001d84.cpu_per_core,1
2025-05-14T12:20:02Z,cgroup_qemu_qemu_1_instance_00001d84.cpu_per_core,1
2025-05-14T12:20:02Z,cgroup_qemu_qemu_1_instance_00002307.cpu_per_core,1
2025-05-14T12:20:02Z,cgroup_qemu_qemu_1_instance_00003f5f.cpu_per_core,1
2025-05-14T12:20:02Z,cgroup_qemu_qemu_1_instance_00003f5f.cpu_per_core,1
2025-05-14T12:20:02Z,cgroup_qemu_qemu_1_instance_00003f5f.cpu_per_core,2
2025-05-14T12:20:02Z,cgroup_qemu_qemu_20_instance_000040a7.cpu_per_core,1
2025-05-14T12:20:02Z,cgroup_qemu_qemu_20_instance_000040a7.cpu_per_core,1
2025-05-14T12:20:02Z,cgroup_qemu_qemu_20_instance_000040a7.cpu_per_core,1
2025-05-14T12:20:02Z,cgroup_qemu_qemu_20_instance_000040a7.cpu_per_core,1
2025-05-14T12:20:02Z,cgroup_qemu_qemu_20_instance_000040a7.cpu_per_core,1
2025-05-14T12:20:02Z,cgroup_qemu_qemu_20_instance_000040a7.cpu_per_core,1
2025-05-14T12:20:02Z,cgroup_qemu_qemu_20_instance_000040a7.cpu_per_core,1
2025-05-14T12:20:02Z,cgroup_qemu_qemu_20_instance_000040a7.cpu_per_core,1
2025-05-14T12:20:02Z,cgroup_qemu_qemu_20_instance_000040a7.cpu_per_core,3
2025-05-14T12:20:02Z,cgroup_qemu_qemu_20_instance_000040a7.cpu_per_core,2
2025-05-14T12:20:02Z,cgroup_qemu_qemu_20_instance_000040a7.cpu_per_core,2
2025-05-14T12:20:02Z,cgroup_qemu_qemu_21_instance_00003c49.cpu_per_core,3
2025-05-14T12:20:02Z,cgroup_qemu_qemu_21_instance_00003c49.cpu_per_core,1
2025-05-14T12:20:02Z,cgroup_qemu_qemu_21_instance_00003c49.cpu_per_core,1
2025-05-14T12:20:02Z,cgroup_qemu_qemu_21_instance_00003c49.cpu_per_core,1
2025-05-14T12:20:02Z,cgroup_qemu_qemu_21_instance_00003c49.cpu_per_core,1
2025-05-14T12:20:02Z,cgroup_qemu_qemu_21_instance_00003c49.cpu_per_core,3
2025-05-14T12:20:02Z,cgroup_qemu_qemu_21_instance_00003c49.cpu_per_core,1
2025-05-14T12:20:02Z,cgroup_qemu_qemu_22_instance_00003c4a.cpu_per_core,2
2025-05-14T12:20:02Z,cgroup_qemu_qemu_22_instance_00003c4a.cpu_per_core,1
2025-05-14T12:20:02Z,cgroup_qemu_qemu_22_instance_00003c4a.cpu_per_core,1
2025-05-14T12:20:02Z,cgroup_qemu_qemu_22_instance_00003c4a.cpu_per_core,1
2025-05-14T12:20:02Z,cgroup_qemu_qemu_22_instance_00003c4a.cpu_per_core,1
2025-05-14T12:20:02Z,cgroup_qemu_qemu_22_instance_00003c4a.cpu_per_core,3
2025-05-14T12:20:02Z,cgroup_qemu_qemu_22_instance_00003c4a.cpu_per_core,1
2025-05-14T12:20:02Z,cgroup_qemu_qemu_22_instance_00003c4a.cpu_per_core,1
2025-05-14T12:20:02Z,cgroup_qemu_qemu_22_instance_00003c4a.cpu_per_core,1
2025-05-14T12:20:02Z,cgroup_qemu_qemu_22_instance_00003c4a.cpu_per_core,1
2025-05-14T12:20:02Z,cgroup_qemu_qemu_22_instance_00003c4a.cpu_per_core,1
2025-05-14T12:20:02Z,cgroup_qemu_qemu_22_instance_00003c4a.cpu_per_core,1
2025-05-14T12:20:02Z,cgroup_qemu_qemu_22_instance_00003c4a.cpu_per_core,1
2025-05-14T12:20:02Z,cgroup_qemu_qemu_22_instance_00003c4a.cpu_per_core,2
2025-05-14T12:20:02Z,cgroup_qemu_qemu_22_instance_00003c4a.cpu_per_core,1
2025-05-14T12:20:02Z,cgroup_qemu_qemu_22_instance_00003c4a.cpu_per_core,263
2025-05-14T12:20:02Z,cgroup_qemu_qemu_22_instance_00003c4a.cpu_per_core,36
2025-05-14T12:20:02Z,cgroup_qemu_qemu_22_instance_00003c4a.cpu_per_core,17
2025-05-14T12:20:02Z,cgroup_qemu_qemu_22_instance_00003c4a.cpu_per_core,6
2025-05-14T12:20:02Z,cgroup_qemu_qemu_22_instance_00003c4a.cpu_per_core,3
2025-05-14T12:20:02Z,cgroup_qemu_qemu_22_instance_00003c4a.cpu_per_core,3
2025-05-14T12:20:02Z,cgroup_qemu_qemu_22_instance_00003c4a.cpu_per_core,2
2025-05-14T12:20:02Z,cgroup_qemu_qemu_23_instance_00002577.cpu_per_core,1
2025-05-14T12:20:02Z,cgroup_qemu_qemu_23_instance_00002577.cpu_per_core,1
2025-05-14T12:20:02Z,cgroup_qemu_qemu_23_instance_00002577.cpu_per_core,2
2025-05-14T12:20:02Z,cgroup_qemu_qemu_23_instance_00002577.cpu_per_core,1
2025-05-14T12:20:02Z,cgroup_qemu_qemu_23_instance_00002577.cpu_per_core,2
2025-05-14T12:20:02Z,cgroup_qemu_qemu_23_instance_00002577.cpu_per_core,8
2025-05-14T12:20:02Z,cgroup_qemu_qemu_23_instance_00002577.cpu_per_core,1
2025-05-14T12:20:02Z,cgroup_qemu_qemu_2_instance_00002c3f.cpu_per_core,1
2025-05-14T12:20:02Z,cgroup_qemu_qemu_2_instance_00002c3f.cpu_per_core,2
2025-05-14T12:20:02Z,cgroup_qemu_qemu_2_instance_00002c3f.cpu_per_core,1
2025-05-14T12:20:02Z,cgroup_qemu_qemu_2_instance_00002c3f.cpu_per_core,4
2025-05-14T12:20:02Z,cgroup_qemu_qemu_2_instance_00002c3f.cpu_per_core,1
2025-05-14T12:20:02Z,cgroup_qemu_qemu_2_instance_00002c3f.cpu_per_core,10
2025-05-14T12:20:02Z,cgroup_qemu_qemu_2_instance_00002c3f.cpu_per_core,5
2025-05-14T12:20:02Z,cgroup_qemu_qemu_2_instance_00002c3f.cpu_per_core,7
2025-05-14T12:20:02Z,cgroup_qemu_qemu_2_instance_00002c3f.cpu_per_core,3
2025-05-14T12:20:02Z,cgroup_qemu_qemu_2_instance_00002c3f.cpu_per_core,1
2025-05-14T12:20:02Z,cgroup_qemu_qemu_2_instance_00002c3f.cpu_per_core,1
2025-05-14T12:20:02Z,cgroup_qemu_qemu_2_instance_00002c3f.cpu_per_core,5
2025-05-14T12:20:02Z,cgroup_qemu_qemu_2_instance_00002c3f.cpu_per_core,3
2025-05-14T12:20:02Z,cgroup_qemu_qemu_2_instance_00002c3f.cpu_per_core,10
2025-05-14T12:20:02Z,cgroup_qemu_qemu_2_instance_00002c3f.cpu_per_core,1
2025-05-14T12:20:02Z,cgroup_qemu_qemu_2_instance_00002c3f.cpu_per_core,2
2025-05-14T12:20:02Z,cgroup_qemu_qemu_2_instance_00002c3f.cpu_per_core,1
2025-05-14T12:20:02Z,cgroup_qemu_qemu_2_instance_00002c3f.cpu_per_core,2
2025-05-14T12:20:02Z,cgroup_qemu_qemu_2_instance_00002c3f.cpu_per_core,3
2025-05-14T12:20:02Z,cgroup_qemu_qemu_2_instance_00002c3f.cpu_per_core,5
2025-05-14T12:20:02Z,cgroup_qemu_qemu_2_instance_00002c3f.cpu_per_core,1
2025-05-14T12:20:02Z,cgroup_qemu_qemu_2_instance_00002c3f.cpu_per_core,3
2025-05-14T12:20:02Z,cgroup_qemu_qemu_2_instance_00002c3f.cpu_per_core,2
2025-05-14T12:20:02Z,cgroup_qemu_qemu_2_instance_00002c3f.cpu_per_core,1
2025-05-14T12:20:02Z,cgroup_qemu_qemu_2_instance_00002c3f.cpu_per_core,4
2025-05-14T12:20:02Z,cgroup_qemu_qemu_2_instance_00002c3f.cpu_per_core,1
2025-05-14T12:20:02Z,cgroup_qemu_qemu_2_instance_00002c3f.cpu_per_core,1
2025-05-14T12:20:02Z,cgroup_qemu_qemu_2_instance_00002c3f.cpu_per_core,1
2025-05-14T12:20:02Z,cgroup_qemu_qemu_2_instance_00002c3f.cpu_per_core,6
2025-05-14T12:20:02Z,cgroup_qemu_qemu_2_instance_00002c3f.cpu_per_core,5
2025-05-14T12:20:02Z,cgroup_qemu_qemu_2_instance_00002c3f.cpu_per_core,14
2025-05-14T12:20:02Z,cgroup_qemu_qemu_2_instance_00002c3f.cpu_per_core,1
2025-05-14T12:20:02Z,cgroup_qemu_qemu_2_instance_00002cb0.cpu_per_core,1
2025-05-14T12:20:02Z,cgroup_qemu_qemu_2_instance_00003f00.cpu_per_core,1
2025-05-14T12:20:02Z,cgroup_qemu_qemu_2_instance_00003f00.cpu_per_core,1
2025-05-14T12:20:02Z,cgroup_qemu_qemu_2_instance_00003f9e.cpu_per_core,1
2025-05-14T12:20:02Z,cgroup_qemu_qemu_2_instance_00003f9e.cpu_per_core,1
2025-05-14T12:20:02Z,cgroup_qemu_qemu_3_instance_00002c6a.cpu_per_core,1
2025-05-14T12:20:02Z,cgroup_qemu_qemu_3_instance_00002c6a.cpu_per_core,1
2025-05-14T12:20:02Z,cgroup_qemu_qemu_3_instance_00002c6a.cpu_per_core,3
2025-05-14T12:20:02Z,cgroup_qemu_qemu_3_instance_00002c6a.cpu_per_core,2
2025-05-14T12:20:02Z,cgroup_qemu_qemu_3_instance_00002c6a.cpu_per_core,1
2025-05-14T12:20:02Z,cgroup_qemu_qemu_3_instance_00002c6a.cpu_per_core,2
2025-05-14T12:20:02Z,cgroup_qemu_qemu_3_instance_00002c6a.cpu_per_core,1
2025-05-14T12:20:02Z,cgroup_qemu_qemu_3_instance_00002c6a.cpu_per_core,1
2025-05-14T12:20:02Z,cgroup_qemu_qemu_3_instance_00002c6a.cpu_per_core,1
2025-05-14T12:20:02Z,cgroup_qemu_qemu_3_instance_00002c6a.cpu_per_core,1
2025-05-14T12:20:02Z,cgroup_qemu_qemu_3_instance_000034b0.cpu_per_core,2
2025-05-14T12:20:02Z,cgroup_qemu_qemu_3_instance_000034b0.cpu_per_core,1
2025-05-14T12:20:02Z,cgroup_qemu_qemu_3_instance_000034b0.cpu_per_core,1
2025-05-14T12:20:02Z,cgroup_qemu_qemu_3_instance_0000359d.cpu_per_core,1
2025-05-14T12:20:02Z,cgroup_qemu_qemu_3_instance_0000359d.cpu_per_core,6
2025-05-14T12:20:02Z,cgroup_qemu_qemu_3_instance_0000359d.cpu_per_core,381
2025-05-14T12:20:02Z,cgroup_qemu_qemu_3_instance_0000359d.cpu_per_core,18
2025-05-14T12:20:02Z,cgroup_qemu_qemu_3_instance_0000359d.cpu_per_core,7
2025-05-14T12:20:02Z,cgroup_qemu_qemu_3_instance_0000359d.cpu_per_core,6
2025-05-14T12:20:02Z,cgroup_qemu_qemu_3_instance_0000359d.cpu_per_core,1
2025-05-14T12:20:02Z,cgroup_qemu_qemu_4_instance_00004047.cpu_per_core,1
2025-05-14T12:20:02Z,cgroup_qemu_qemu_6_instance_000040a4.cpu_per_core,1
2025-05-14T12:20:02Z,cgroup_qemu_qemu_7_instance_0000359f.cpu_per_core,7
2025-05-14T12:20:02Z,cgroup_qemu_qemu_7_instance_0000359f.cpu_per_core,7
2025-05-14T12:20:02Z,cgroup_qemu_qemu_7_instance_0000359f.cpu_per_core,10
2025-05-14T12:20:02Z,cgroup_qemu_qemu_7_instance_0000359f.cpu_per_core,4
2025-05-14T12:20:02Z,cgroup_qemu_qemu_7_instance_0000359f.cpu_per_core,3
2025-05-14T12:20:02Z,cgroup_qemu_qemu_7_instance_0000359f.cpu_per_core,2
2025-05-14T12:20:02Z,cgroup_qemu_qemu_7_instance_0000359f.cpu_per_core,3
2025-05-14T12:20:02Z,cgroup_qemu_qemu_7_instance_0000359f.cpu_per_core,1
2025-05-14T12:20:02Z,cgroup_qemu_qemu_8_instance_0000359e.cpu_per_core,23
2025-05-14T12:20:02Z,cgroup_qemu_qemu_8_instance_0000359e.cpu_per_core,7
2025-05-14T12:20:02Z,cgroup_qemu_qemu_8_instance_0000359e.cpu_per_core,3
2025-05-14T12:20:02Z,cgroup_qemu_qemu_8_instance_0000359e.cpu_per_core,8
2025-05-14T12:20:02Z,cgroup_qemu_qemu_8_instance_0000359e.cpu_per_core,3
2025-05-14T12:20:02Z,cgroup_qemu_qemu_8_instance_0000359e.cpu_per_core,1
2025-05-14T12:20:02Z,cgroup_qemu_qemu_8_instance_0000359e.cpu_per_core,4
2025-05-14T12:20:02Z,cgroup_qemu_qemu_8_instance_000035fe.cpu_per_core,31
2025-05-14T12:20:02Z,cgroup_qemu_qemu_8_instance_000035fe.cpu_per_core,4
2025-05-14T12:20:02Z,cgroup_qemu_qemu_8_instance_000035fe.cpu_per_core,2
2025-05-14T12:20:02Z,cgroup_qemu_qemu_8_instance_000035fe.cpu_per_core,1
2025-05-14T12:20:02Z,cgroup_qemu_qemu_8_instance_000035fe.cpu_per_core,1
